email,password
user0@gmail.com,password123
user1@yahoo.com,123456
user2@outlook.com,qwerty
user3@hotmail.com,letmein
user4@example.com,welcome
user5@gmail.com,admin123
user6@yahoo.com,test1234
user7@outlook.com,Password1
user8@hotmail.com,12345678
user9@example.com,abc123
user10@gmail.com,password123
user11@yahoo.com,123456
user12@outlook.com,qwerty
user13@hotmail.com,letmein
user14@example.com,welcome
user15@gmail.com,admin123
user16@yahoo.com,test1234
user17@outlook.com,Password1
user18@hotmail.com,12345678
user19@example.com,abc123
user20@gmail.com,password123
user21@yahoo.com,123456
user22@outlook.com,qwerty
user23@hotmail.com,letmein
user24@example.com,welcome
user25@gmail.com,admin123
user26@yahoo.com,test1234
user27@outlook.com,Password1
user28@hotmail.com,12345678
user29@example.com,abc123
user30@gmail.com,password123
user31@yahoo.com,123456
user32@outlook.com,qwerty
user33@hotmail.com,letmein
user34@example.com,welcome
user35@gmail.com,admin123
user36@yahoo.com,test1234
user37@outlook.com,Password1
user38@hotmail.com,12345678
user39@example.com,abc123
user40@gmail.com,password123
user41@yahoo.com,123456
user42@outlook.com,qwerty
user43@hotmail.com,letmein
user44@example.com,welcome
user45@gmail.com,admin123
user46@yahoo.com,test1234
user47@outlook.com,Password1
user48@hotmail.com,12345678
user49@example.com,abc123
user50@gmail.com,password123
user51@yahoo.com,123456
user52@outlook.com,qwerty
user53@hotmail.com,letmein
user54@example.com,welcome
user55@gmail.com,admin123
user56@yahoo.com,test1234
user57@outlook.com,Password1
user58@hotmail.com,12345678
user59@example.com,abc123
user60@gmail.com,password123
user61@yahoo.com,123456
user62@outlook.com,qwerty
user63@hotmail.com,letmein
user64@example.com,welcome
user65@gmail.com,admin123
user66@yahoo.com,test1234
user67@outlook.com,Password1
user68@hotmail.com,12345678
user69@example.com,abc123
user70@gmail.com,password123
user71@yahoo.com,123456
user72@outlook.com,qwerty
user73@hotmail.com,letmein
user74@example.com,welcome
user75@gmail.com,admin123
user76@yahoo.com,test1234
user77@outlook.com,Password1
user78@hotmail.com,12345678
user79@example.com,abc123
user80@gmail.com,password123
user81@yahoo.com,123456
user82@outlook.com,qwerty
user83@hotmail.com,letmein
user84@example.com,welcome
user85@gmail.com,admin123
user86@yahoo.com,test1234
user87@outlook.com,Password1
user88@hotmail.com,12345678
user89@example.com,abc123
user90@gmail.com,password123
user91@yahoo.com,123456
user92@outlook.com,qwerty
user93@hotmail.com,letmein
user94@example.com,welcome
user95@gmail.com,admin123
user96@yahoo.com,test1234
user97@outlook.com,Password1
user98@hotmail.com,12345678
user99@example.com,abc123
testuser@research.com,TestPass123!